"id","fqdn/ip","port","severity","finding","cve","cwe"
"service","collecte-pro.gouv.fr/185.194.82.232","443","INFO","HTTP","",""
"pre_128cipher","collecte-pro.gouv.fr/185.194.82.232","443","INFO","No 128 cipher limit bug","",""
"SSLv2","collecte-pro.gouv.fr/185.194.82.232","443","OK","not offered","",""
"SSLv3","collecte-pro.gouv.fr/185.194.82.232","443","OK","not offered","",""
"TLS1","collecte-pro.gouv.fr/185.194.82.232","443","INFO","not offered","",""
"TLS1_1","collecte-pro.gouv.fr/185.194.82.232","443","INFO","not offered","",""
"TLS1_2","collecte-pro.gouv.fr/185.194.82.232","443","OK","offered","",""
"TLS1_3","collecte-pro.gouv.fr/185.194.82.232","443","INFO","not offered + downgraded to weaker protocol","",""
"ALPN","collecte-pro.gouv.fr/185.194.82.232","443","INFO","not offered","",""
"cipherlist_NULL","collecte-pro.gouv.fr/185.194.82.232","443","OK","not offered","","CWE-327"
"cipherlist_aNULL","collecte-pro.gouv.fr/185.194.82.232","443","OK","not offered","","CWE-327"
"cipherlist_EXPORT","collecte-pro.gouv.fr/185.194.82.232","443","OK","not offered","","CWE-327"
"cipherlist_LOW","collecte-pro.gouv.fr/185.194.82.232","443","OK","not offered","","CWE-327"
"cipherlist_3DES_IDEA","collecte-pro.gouv.fr/185.194.82.232","443","INFO","not offered","","CWE-310"
"cipherlist_OBSOLETED","collecte-pro.gouv.fr/185.194.82.232","443","INFO","not offered","","CWE-310"
"cipherlist_STRONG_NOFS","collecte-pro.gouv.fr/185.194.82.232","443","INFO","not offered","",""
"cipherlist_STRONG_FS","collecte-pro.gouv.fr/185.194.82.232","443","OK","offered","",""
"cipher_order-tls1_2","collecte-pro.gouv.fr/185.194.82.232","443","OK","server","",""
"cipherorder_TLSv1_2","collecte-pro.gouv.fr/185.194.82.232","443","INFO","ECDHE-RSA-AES256-GCM-SHA384","",""
"cipher_order","collecte-pro.gouv.fr/185.194.82.232","443","OK","server","",""
"FS","collecte-pro.gouv.fr/185.194.82.232","443","OK","offered","",""
"FS_ciphers","collecte-pro.gouv.fr/185.194.82.232","443","INFO","ECDHE-RSA-AES128-GCM-SHA256 ECDHE-RSA-AES256-GCM-SHA384","",""
"FS_ECDHE_curves","collecte-pro.gouv.fr/185.194.82.232","443","OK","prime256v1 secp384r1","",""
"TLS_extensions","collecte-pro.gouv.fr/185.194.82.232","443","INFO","'renegotiation info/#65281' 'server name/#0' 'EC point formats/#11' 'extended master secret/#23'","",""
"TLS_session_ticket","collecte-pro.gouv.fr/185.194.82.232","443","INFO","no -- no lifetime advertised","",""
"SSL_sessionID_support","collecte-pro.gouv.fr/185.194.82.232","443","INFO","yes","",""
"sessionresumption_ticket","collecte-pro.gouv.fr/185.194.82.232","443","INFO","not supported","",""
"sessionresumption_ID","collecte-pro.gouv.fr/185.194.82.232","443","INFO","supported","",""
"TLS_timestamp","collecte-pro.gouv.fr/185.194.82.232","443","INFO","random","",""
"cert_compression","collecte-pro.gouv.fr/185.194.82.232","443","INFO","N/A","",""
"clientAuth","collecte-pro.gouv.fr/185.194.82.232","443","INFO","none","",""
"cert_numbers","collecte-pro.gouv.fr/185.194.82.232","443","INFO","1","",""
"cert_signatureAlgorithm","collecte-pro.gouv.fr/185.194.82.232","443","OK","SHA256 with RSA","",""
"cert_keySize","collecte-pro.gouv.fr/185.194.82.232","443","INFO","RSA 2048 bits (exponent is 65537)","",""
"cert_keyUsage","collecte-pro.gouv.fr/185.194.82.232","443","INFO","Digital Signature, Key Encipherment","",""
"cert_extKeyUsage","collecte-pro.gouv.fr/185.194.82.232","443","INFO","TLS Web Server Authentication","",""
"cert_serialNumber","collecte-pro.gouv.fr/185.194.82.232","443","INFO","7EF26195BC3B51C2289D3B3C38A3D132","",""
"cert_serialNumberLen","collecte-pro.gouv.fr/185.194.82.232","443","INFO","16","",""
"cert_fingerprintSHA1","collecte-pro.gouv.fr/185.194.82.232","443","INFO","B5C7D8D9DE239165763D4F454F7A8621B8EAD651","",""
"cert_fingerprintSHA256","collecte-pro.gouv.fr/185.194.82.232","443","INFO","401351D1DD5E0619A1208E18114FE6007D07401A35F7641DA9E3F7CFA43C80DE","",""
"cert","collecte-pro.gouv.fr/185.194.82.232","443","INFO","-----BEGIN CERTIFICATE-----\nMIIJdzCCB1+gAwIBAgIQfvJhlbw7UcIonTs8OKPRMjANBgkqhkiG9w0BAQsFADB9MQswCQYDVQQGEwJGUjESMBAGA1UECgwJREhJTVlPVElTMRwwGgYDVQQLDBMwMDAyIDQ4MTQ2MzA4MTAwMDM2MR0wGwYDVQRhDBROVFJGUi00ODE0NjMwODEwMDAzNjEdMBsGA1UEAwwUQ2VydGlnbmEgU2VydmljZXMgQ0EwHhcNMjQwMzI1MjMwMDAwWhcNMjQxMDA3MjE1OTU5WjCBlDELMAkGA1UEBhMCRlIxDjAMBgNVBAcMBVBBUklTMUEwPwYDVQQKDDhTRUNSRVRBUklBVCBHRU5FUkFMIE1JTklTVEVSRVMgQ0hBUkdFUyBBRkZBSVJFUyBTT0NJQUxFUzEdMBsGA1UEAwwUY29sbGVjdGUtcHJvLmdvdXYuZnIxEzARBgNVBAUTClMzMDQ0NjM5MzcwggEiMA0GCSqGSIb3DQEBAQUAA4IBDwAwggEKAoIBAQCgrEaJqVNF4aSk3giAVwXuJ+u+kaQMLj3kfbYIqj7ogOvry+Y8YoJ9ZLoU38vKqU9xYy7Tpezfi4m4MehEcKSR96qnv2z6/VJCJRkXL32xBl6yUQ8IPuY0fBlxR2vva9rEybYJyl4OujRCzaf/Jb0TsjenJ5IL6cB/hHWIY3w83cXGJE83F0u0IIduHiXnzYvh9Z7GNT7lGJxVSnrsDVYldK0O4GXfuZpx/0Nmb1zq8pufcj+ddBkkNPDbFKmood0XnkrHs+UzdbpUnxcYbtJEVWQ4abF/et+FgOSoM2JLQ4BDCl7ZC14zVXPBor5X8IspTg+DPOtwS6E7syV9kYnlAgMBAAGjggTZMIIE1TCB5AYIKwYBBQUHAQEEgdcwgdQwNgYIKwYBBQUHMAKGKmh0dHA6Ly9hdXRvcml0ZS5jZXJ0aWduYS5mci9zZXJ2aWNlc2NhLmRlcjA4BggrBgEFBQcwAoYsaHR0cDovL2F1dG9yaXRlLmRoaW15b3Rpcy5jb20vc2VydmljZXNjYS5kZXIwLgYIKwYBBQUHMAGGImh0dHA6Ly9zZXJ2aWNlc2NhLm9jc3AuY2VydGlnbmEuZnIwMAYIKwYBBQUHMAGGJGh0dHA6Ly9zZXJ2aWNlc2NhLm9jc3AuZGhpbXlvdGlzLmNvbTAfBgNVHSMEGDAWgBSs7IaPSzccuH8XGxnQruhO4zRcEjAMBgNVHRMBAf8EAjAAMGEGA1UdIARaMFgwCAYGZ4EMAQICMEwGCyqBegGBMQIFAQEBMD0wOwYIKwYBBQUHAgEWL2h0dHBzOi8vd3d3LmNlcnRpZ25hLmNvbS9hdXRvcml0ZS1jZXJ0aWZpY2F0aW9uMGUGA1UdHwReMFwwLaAroCmGJ2h0dHA6Ly9jcmwuZGhpbXlvdGlzLmNvbS9zZXJ2aWNlc2NhLmNybDAroCmgJ4YlaHR0cDovL2NybC5jZXJ0aWduYS5mci9zZXJ2aWNlc2NhLmNybDATBgNVHSUEDDAKBggrBgEFBQcDATAOBgNVHQ8BAf8EBAMCBaAwggErBgNVHREEggEiMIIBHoIUY29sbGVjdGUtcHJvLmdvdXYuZnKCHmZvcm1hdGlvbi5jb2xsZWN0ZS1wcm8uZ291di5mcoIXZS1jb2xsZWN0ZS5pZ2FzLmdvdXYuZnKCHXd3dy5jb2xsZWN0ZS1wcm8uaWdhcy5nb3V2LmZygh13d3cuZGVtby5jb2xsZWN0ZS1wcm8uZ291di5mcoIZY29sbGVjdGUtcHJvLmlnYXMuZ291di5mcoIZZGVtby5jb2xsZWN0ZS1wcm8uZ291di5mcoIbd3d3LmUtY29sbGVjdGUuaWdhcy5nb3V2LmZyghh3d3cuY29sbGVjdGUtcHJvLmdvdXYuZnKCInd3dy5mb3JtYXRpb24uY29sbGVjdGUtcHJvLmdvdXYuZnIwHQYDVR0OBBYEFN7vqdMGWVnNzrCjn6J/tq9aEOuLMIIBfgYKKwYBBAHWeQIEAgSCAW4EggFqAWgAdwB2/4g/Crb7lVHCYcz1h7o0tKTNuyncaEIKn+ZnTFo6dAAAAY56CQEWAAAEAwBIMEYCIQDDHwPTqo3bPaV/+ue2qb+K87pSV3xZCHTtslI3pg11ZAIhAKoCBVc/cERs9rSQkgSWMUIMpAt7CZR5bFS0yFw2k5QyAHUA7s3QZNXbGs7FXLedtM0TojKHRny87N7DUUhZRnEftZsAAAGOegkDHwAABAMARjBEAiABDCOmVIkeotDGsz6t5XxEFlUef23c7SEPOs8wJWKxnAIgK1vuDpaSdIGpAs14hB/vYBsdrT1BKJz7djHf3/WFLpwAdgDatr9rP7W2Ip+bwrtca+hwkXFsu1GEhTS9pD0wSNf7qwAAAY56CQQEAAAEAwBHMEUCIAp2Hn7GdJcz2asBHp6SyiPbv3LpVJyRfYDaRcVva2vIAiEAyntYrUiNSJNvyxqGttmuWHmMcO4Ln5+idDSosSu1TscwDQYJKoZIhvcNAQELBQADggIBAKg23FSQ1Ip0TombrMKjA9zTbwIsZtQgl7xnYPafg16qlF/PlnkHg04thjfo4P2YX69JvR88X3LsmN4QkDgcUVFsyTuPuVKP75v8TYaeFoRP4p8oaYizyTQZwmxGvClMMCDsAEY8dtAkvTSdGhNy89az1rKgWeUHhqLtN9R0lx3FtrsHiMpekgscNkBMpg8sqORmcYU2fcsH+PfCwEgETJwT3llQ00M1C9VvAlXzlRyHihJJEwBhItzvXvHAaKPEdNVUry5QMRIK7VFge2PSuKUFus9OCY1L9uCgi6KMUVXtorJYV2xPszaRBJ+O+5QRu+6xWwiSV1KPkDcChk0+NNHdZy7gfq5vxUt9AfmO0vBx3QPg3RCXqG3czEpo+ARKz8q2bymVaXJHNCAGWFlq3z8iLTd90Fh6Ljc7d6Ggj5mEbOyXLLfWhVtAVlCaWGXnc2HoOQyDuo5AvpMvqkVdQhIV49GiWF9VpmWooVq5BO3tu78s3dP6pE6Ux9shVP2Dd2ZjOllBs+fBrWPa4o45upPISy+na7zWng/tdQ5GWIk5yKCcHKiyxrXrIQ7VlJBdxi+3v4r+eDwgeYUrGz2BEcJOdb61MpAcokwMm6Sa4Ss+4uRPjlSlEfg+z7rSRU5HoplRunDrH7cYRQptS/Iid7j79pvgeijKyq6WGzJAnEPC\n-----END CERTIFICATE-----","",""
"cert_commonName","collecte-pro.gouv.fr/185.194.82.232","443","OK","collecte-pro.gouv.fr","",""
"cert_commonName_wo_SNI","collecte-pro.gouv.fr/185.194.82.232","443","INFO","collecte-pro.gouv.fr","",""
"cert_subjectAltName","collecte-pro.gouv.fr/185.194.82.232","443","INFO","collecte-pro.gouv.fr formation.collecte-pro.gouv.fr e-collecte.igas.gouv.fr www.collecte-pro.igas.gouv.fr www.demo.collecte-pro.gouv.fr collecte-pro.igas.gouv.fr demo.collecte-pro.gouv.fr www.e-collecte.igas.gouv.fr www.collecte-pro.gouv.fr www.formation.collecte-pro.gouv.fr","",""
"cert_trust","collecte-pro.gouv.fr/185.194.82.232","443","OK","Ok via SAN and CN (same w/o SNI)","",""
"cert_chain_of_trust","collecte-pro.gouv.fr/185.194.82.232","443","OK","passed.","",""
"cert_certificatePolicies_EV","collecte-pro.gouv.fr/185.194.82.232","443","INFO","no","",""
"cert_expirationStatus","collecte-pro.gouv.fr/185.194.82.232","443","OK","82 >= 60 days","",""
"cert_notBefore","collecte-pro.gouv.fr/185.194.82.232","443","INFO","2024-03-25 23:00","",""
"cert_notAfter","collecte-pro.gouv.fr/185.194.82.232","443","OK","2024-10-07 21:59","",""
"cert_extlifeSpan","collecte-pro.gouv.fr/185.194.82.232","443","OK","certificate has no extended life time according to browser forum","",""
"cert_eTLS","collecte-pro.gouv.fr/185.194.82.232","443","INFO","not present","",""
"cert_crlDistributionPoints","collecte-pro.gouv.fr/185.194.82.232","443","INFO","http://crl.dhimyotis.com/servicesca.crl http://crl.certigna.fr/servicesca.crl","",""
"cert_ocspURL","collecte-pro.gouv.fr/185.194.82.232","443","INFO","http://servicesca.ocsp.certigna.fr http://servicesca.ocsp.dhimyotis.com","",""
"OCSP_stapling","collecte-pro.gouv.fr/185.194.82.232","443","LOW","not offered","",""
"cert_mustStapleExtension","collecte-pro.gouv.fr/185.194.82.232","443","INFO","--","",""
"DNS_CAArecord","collecte-pro.gouv.fr/185.194.82.232","443","LOW","--","",""
"certificate_transparency","collecte-pro.gouv.fr/185.194.82.232","443","OK","yes (certificate extension)","",""
"certs_countServer","collecte-pro.gouv.fr/185.194.82.232","443","INFO","2","",""
"certs_list_ordering_problem","collecte-pro.gouv.fr/185.194.82.232","443","INFO","no","",""
"cert_caIssuers","collecte-pro.gouv.fr/185.194.82.232","443","INFO","Certigna Services CA (DHIMYOTIS from FR)","",""
"intermediate_cert <#1>","collecte-pro.gouv.fr/185.194.82.232","443","INFO","-----BEGIN CERTIFICATE-----\nMIIGFjCCBP6gAwIBAgIQb4L6KKzW94S7WxILqHNnrTANBgkqhkiG9w0BAQsFADA0MQswCQYDVQQGEwJGUjESMBAGA1UECgwJRGhpbXlvdGlzMREwDwYDVQQDDAhDZXJ0aWduYTAeFw0xNTExMjUxMTMzNTJaFw0yNTExMjIxMTMzNTJaMH0xCzAJBgNVBAYTAkZSMRIwEAYDVQQKDAlESElNWU9USVMxHDAaBgNVBAsMEzAwMDIgNDgxNDYzMDgxMDAwMzYxHTAbBgNVBGEMFE5UUkZSLTQ4MTQ2MzA4MTAwMDM2MR0wGwYDVQQDDBRDZXJ0aWduYSBTZXJ2aWNlcyBDQTCCAiIwDQYJKoZIhvcNAQEBBQADggIPADCCAgoCggIBALPM+7LpWBz9wFcPaTc3xnB+5g0XrnptB0EPPfrR04vO52Ykm4ky1d4ZLd10tbM1fa1RqNSOVWWg93O4pL7zCFKlz6JV74ZZVhHpEAwzBwv2oPnxvVbxtSN67xsSY66ahUYxjzs8+3FhmsiRxqwnTYvK2u70uglUvRisOKyTL/M6JnrC4y8tlmoz7OSa5BmBMVplJFQtvmON6N9aHLvYMz+EyJPCbXL6pELxeHjFT5QmIaRamsr2DOTaCjtBZKI1Wnh3X7lnbjM8MESJiV2t7E9tIQNG0Z/HI3tO4aaUMum3KysY5sC8v3vi7rryGidgzHQhrtP0ZXWW5UH/k7umLS/P/XXWnCFpc2Lxa1uDGfc2im7xibRoPP+JNZszN76euFlls6jyEXAiwnVr14tVVTewLK0OWs5SJHpEKp8PGMZRDj59EmMvokWwzL6QzNZ6vVAp00oOm05sbspNY9+MFqGKKUsKvhFGEa4XmRNxDe6KswLcjPZB+NKHZ0QWFd4ip5C5XmEK/8qIPjwVr9dah9+oiHGGO8Wx7gJAMF5DTmkvW7GhqCKj1LmHnabjzc8av6kxWVQZi/C7HCm9i/W4wio+JA2EAFLqNL3GPNbK9kau4yPhQt/c7zxzo0OHnlsV4THCG7oOCd3cfCiyfQcb3FBt6OSpaKRZxjCLBwP00r0fAgMBAAGjggHZMIIB1TASBgNVHRMBAf8ECDAGAQH/AgEAMA4GA1UdDwEB/wQEAwIBBjAdBgNVHQ4EFgQUrOyGj0s3HLh/FxsZ0K7oTuM0XBIwZAYDVR0jBF0wW4AUGu3+QTmQtCRZvgHyUtVF9lo53BGhOKQ2MDQxCzAJBgNVBAYTAkZSMRIwEAYDVQQKDAlEaGlteW90aXMxETAPBgNVBAMMCENlcnRpZ25hggkA/tzjAQ/JSP8wSQYDVR0gBEIwQDA+BgoqgXoBgTEBAAECMDAwLgYIKwYBBQUHAgEWImh0dHBzOi8vd3d3LmNlcnRpZ25hLmZyL2F1dG9yaXRlcy8wfAYIKwYBBQUHAQEEcDBuMDQGCCsGAQUFBzAChihodHRwOi8vYXV0b3JpdGUuY2VydGlnbmEuZnIvY2VydGlnbmEuZGVyMDYGCCsGAQUFBzAChipodHRwOi8vYXV0b3JpdGUuZGhpbXlvdGlzLmNvbS9jZXJ0aWduYS5kZXIwYQYDVR0fBFowWDApoCegJYYjaHR0cDovL2NybC5jZXJ0aWduYS5mci9jZXJ0aWduYS5jcmwwK6ApoCeGJWh0dHA6Ly9jcmwuZGhpbXlvdGlzLmNvbS9jZXJ0aWduYS5jcmwwDQYJKoZIhvcNAQELBQADggEBAGLft7gIuGPZVfg0cTM+HT2xAZFPDb/2+siH06x+dH044zMKbBINbRzhKipwB1A3MW8FQjveE9tyrfyuqZE/X+o2SlGcdNV44ybYkxo4f6kcLEavV/IW+oFEnojZlhpksYcxrvQoEyqkAwshe8IS2KtZHKVACrt+XSs0lwvy7ALGmHaF7A4by6cZWItA7Lhj8XWp+8tBJDj7HocRbWtxzEODdBuyMgJzFrNjc+97J0vH/K0+3yjmkczpKshMA0tM+MF9XDMN/MuwrPmUWGO/fHiqHgUp8yqeWtl1n44ZxkkK1t9GRwhnDWLv73/xhTmdhWYQ/reo0GbgBoLiltKmIJQ=\n-----END CERTIFICATE-----","",""
"intermediate_cert_fingerprintSHA256 <#1>","collecte-pro.gouv.fr/185.194.82.232","443","INFO","71E653BFBF5E72515B4099BBD5EC8872812B47C6EC1FA9ADD327E1C92C9EA16D","",""
"intermediate_cert_notBefore <#1>","collecte-pro.gouv.fr/185.194.82.232","443","INFO","2015-11-25 11:33","",""
"intermediate_cert_notAfter <#1>","collecte-pro.gouv.fr/185.194.82.232","443","OK","2025-11-22 11:33","",""
"intermediate_cert_expiration <#1>","collecte-pro.gouv.fr/185.194.82.232","443","OK","ok > 40 days","",""
"intermediate_cert_chain <#1>","collecte-pro.gouv.fr/185.194.82.232","443","INFO","Certigna Services CA <-- Certigna","",""
"intermediate_cert_badOCSP","collecte-pro.gouv.fr/185.194.82.232","443","OK","intermediate certificate(s) is/are ok","",""
"HTTP_status_code","collecte-pro.gouv.fr/185.194.82.232","443","INFO","302 Found ('/')","",""
"HTTP_clock_skew","collecte-pro.gouv.fr/185.194.82.232","443","INFO","0 seconds from localtime","",""
"HTTP_headerTime","collecte-pro.gouv.fr/185.194.82.232","443","INFO","1721229334","",""
"HSTS_time","collecte-pro.gouv.fr/185.194.82.232","443","OK","365 days (=31536000 seconds) > 15552000 seconds","",""
"HSTS_subdomains","collecte-pro.gouv.fr/185.194.82.232","443","OK","includes subdomains","",""
"HSTS_preload","collecte-pro.gouv.fr/185.194.82.232","443","INFO","domain is NOT marked for preloading","",""
"HPKP","collecte-pro.gouv.fr/185.194.82.232","443","INFO","No support for HTTP Public Key Pinning","",""
"banner_server","collecte-pro.gouv.fr/185.194.82.232","443","INFO","No Server banner line in header, interesting!","",""
"banner_application","collecte-pro.gouv.fr/185.194.82.232","443","INFO","No application banner found","",""
"cookie_count","collecte-pro.gouv.fr/185.194.82.232","443","INFO","1 at '/' (30x detected, better try target URL of 30x)","",""
"cookie_secure","collecte-pro.gouv.fr/185.194.82.232","443","OK","All (1) at '/' marked as secure","",""
"cookie_httponly","collecte-pro.gouv.fr/185.194.82.232","443","OK","All (1) at '/' marked as HttpOnly (30x detected, better try target URL of 30x)","",""
"X-Frame-Options","collecte-pro.gouv.fr/185.194.82.232","443","OK","DENY","",""
"X-Content-Type-Options","collecte-pro.gouv.fr/185.194.82.232","443","OK","nosniff","",""
"Content-Security-Policy","collecte-pro.gouv.fr/185.194.82.232","443","OK","default-src 'self' 'frame-src youtube.com www.youtube.com;'; script-src 'self' 'unsafe-eval' 'unsafe-inline'; style-src 'self' 'unsafe-inline'; img-src 'self' https:","",""
"Referrer-Policy","collecte-pro.gouv.fr/185.194.82.232","443","INFO","same-origin","",""
"Cache-Control","collecte-pro.gouv.fr/185.194.82.232","443","INFO","no-cache, no-store, must-revalidate, max-age=0","",""
"banner_reverseproxy","collecte-pro.gouv.fr/185.194.82.232","443","INFO","--","","CWE-200"
"heartbleed","collecte-pro.gouv.fr/185.194.82.232","443","OK","not vulnerable, no heartbeat extension","CVE-2014-0160","CWE-119"
"CCS","collecte-pro.gouv.fr/185.194.82.232","443","OK","not vulnerable","CVE-2014-0224","CWE-310"
"ticketbleed","collecte-pro.gouv.fr/185.194.82.232","443","OK","no session ticket extension","CVE-2016-9244","CWE-200"
"ROBOT","collecte-pro.gouv.fr/185.194.82.232","443","OK","not vulnerable, no RSA key transport cipher","CVE-2017-17382 CVE-2017-17427 CVE-2017-17428 CVE-2017-13098 CVE-2017-1000385 CVE-2017-13099 CVE-2016-6883 CVE-2012-5081 CVE-2017-6168","CWE-203"
"secure_renego","collecte-pro.gouv.fr/185.194.82.232","443","OK","supported","","CWE-310"
"secure_client_renego","collecte-pro.gouv.fr/185.194.82.232","443","OK","not vulnerable, mitigated","CVE-2011-1473","CWE-310"
"CRIME_TLS","collecte-pro.gouv.fr/185.194.82.232","443","OK","not vulnerable","CVE-2012-4929","CWE-310"
"BREACH","collecte-pro.gouv.fr/185.194.82.232","443","OK","not vulnerable, no gzip/deflate/compress/br HTTP compression  - only supplied '/' tested","CVE-2013-3587","CWE-310"
"POODLE_SSL","collecte-pro.gouv.fr/185.194.82.232","443","OK","not vulnerable, no SSLv3","CVE-2014-3566","CWE-310"
"fallback_SCSV","collecte-pro.gouv.fr/185.194.82.232","443","OK","no protocol below TLS 1.2 offered","",""
"SWEET32","collecte-pro.gouv.fr/185.194.82.232","443","OK","not vulnerable","CVE-2016-2183 CVE-2016-6329","CWE-327"
"FREAK","collecte-pro.gouv.fr/185.194.82.232","443","OK","not vulnerable","CVE-2015-0204","CWE-310"
"DROWN","collecte-pro.gouv.fr/185.194.82.232","443","OK","not vulnerable on this host and port","CVE-2016-0800 CVE-2016-0703","CWE-310"
"DROWN_hint","collecte-pro.gouv.fr/185.194.82.232","443","INFO","Make sure you don't use this certificate elsewhere with SSLv2 enabled services, see https://search.censys.io/search?resource=hosts&virtual_hosts=INCLUDE&q=401351D1DD5E0619A1208E18114FE6007D07401A35F7641DA9E3F7CFA43C80DE","CVE-2016-0800 CVE-2016-0703","CWE-310"
"LOGJAM","collecte-pro.gouv.fr/185.194.82.232","443","OK","not vulnerable, no DH EXPORT ciphers,","CVE-2015-4000","CWE-310"
"LOGJAM-common_primes","collecte-pro.gouv.fr/185.194.82.232","443","OK","no DH key with <= TLS 1.2","CVE-2015-4000","CWE-310"
"BEAST","collecte-pro.gouv.fr/185.194.82.232","443","OK","not vulnerable, no SSL3 or TLS1","CVE-2011-3389","CWE-20"
"LUCKY13","collecte-pro.gouv.fr/185.194.82.232","443","OK","not vulnerable","CVE-2013-0169","CWE-310"
"winshock","collecte-pro.gouv.fr/185.194.82.232","443","OK","not vulnerable","CVE-2014-6321","CWE-94"
"RC4","collecte-pro.gouv.fr/185.194.82.232","443","OK","not vulnerable","CVE-2013-2566 CVE-2015-2808","CWE-310"
"clientsimulation-android_60","collecte-pro.gouv.fr/185.194.82.232","443","INFO","TLSv1.2 ECDHE-RSA-AES128-GCM-SHA256","",""
"clientsimulation-android_70","collecte-pro.gouv.fr/185.194.82.232","443","INFO","TLSv1.2 ECDHE-RSA-AES256-GCM-SHA384","",""
"clientsimulation-android_81","collecte-pro.gouv.fr/185.194.82.232","443","INFO","TLSv1.2 ECDHE-RSA-AES256-GCM-SHA384","",""
"clientsimulation-android_90","collecte-pro.gouv.fr/185.194.82.232","443","INFO","TLSv1.2 ECDHE-RSA-AES256-GCM-SHA384","",""
"clientsimulation-android_X","collecte-pro.gouv.fr/185.194.82.232","443","INFO","TLSv1.2 ECDHE-RSA-AES256-GCM-SHA384","",""
"clientsimulation-android_11","collecte-pro.gouv.fr/185.194.82.232","443","INFO","TLSv1.2 ECDHE-RSA-AES256-GCM-SHA384","",""
"clientsimulation-android_12","collecte-pro.gouv.fr/185.194.82.232","443","INFO","TLSv1.2 ECDHE-RSA-AES256-GCM-SHA384","",""
"clientsimulation-chrome_79_win10","collecte-pro.gouv.fr/185.194.82.232","443","INFO","TLSv1.2 ECDHE-RSA-AES256-GCM-SHA384","",""
"clientsimulation-chrome_101_win10","collecte-pro.gouv.fr/185.194.82.232","443","INFO","TLSv1.2 ECDHE-RSA-AES256-GCM-SHA384","",""
"clientsimulation-firefox_66_win81","collecte-pro.gouv.fr/185.194.82.232","443","INFO","TLSv1.2 ECDHE-RSA-AES256-GCM-SHA384","",""
"clientsimulation-firefox_100_win10","collecte-pro.gouv.fr/185.194.82.232","443","INFO","TLSv1.2 ECDHE-RSA-AES256-GCM-SHA384","",""
"clientsimulation-ie_6_xp","collecte-pro.gouv.fr/185.194.82.232","443","INFO","No connection","",""
"clientsimulation-ie_8_win7","collecte-pro.gouv.fr/185.194.82.232","443","INFO","No connection","",""
"clientsimulation-ie_8_xp","collecte-pro.gouv.fr/185.194.82.232","443","INFO","No connection","",""
"clientsimulation-ie_11_win7","collecte-pro.gouv.fr/185.194.82.232","443","INFO","No connection","",""
"clientsimulation-ie_11_win81","collecte-pro.gouv.fr/185.194.82.232","443","INFO","No connection","",""
"clientsimulation-ie_11_winphone81","collecte-pro.gouv.fr/185.194.82.232","443","INFO","No connection","",""
"clientsimulation-ie_11_win10","collecte-pro.gouv.fr/185.194.82.232","443","INFO","TLSv1.2 ECDHE-RSA-AES256-GCM-SHA384","",""
"clientsimulation-edge_15_win10","collecte-pro.gouv.fr/185.194.82.232","443","INFO","TLSv1.2 ECDHE-RSA-AES256-GCM-SHA384","",""
"clientsimulation-edge_101_win10_21h2","collecte-pro.gouv.fr/185.194.82.232","443","INFO","TLSv1.2 ECDHE-RSA-AES256-GCM-SHA384","",""
"clientsimulation-safari_121_ios_122","collecte-pro.gouv.fr/185.194.82.232","443","INFO","TLSv1.2 ECDHE-RSA-AES256-GCM-SHA384","",""
"clientsimulation-safari_130_osx_10146","collecte-pro.gouv.fr/185.194.82.232","443","INFO","TLSv1.2 ECDHE-RSA-AES256-GCM-SHA384","",""
"clientsimulation-safari_154_osx_1231","collecte-pro.gouv.fr/185.194.82.232","443","INFO","TLSv1.2 ECDHE-RSA-AES256-GCM-SHA384","",""
"clientsimulation-java_7u25","collecte-pro.gouv.fr/185.194.82.232","443","INFO","No connection","",""
"clientsimulation-java_8u161","collecte-pro.gouv.fr/185.194.82.232","443","INFO","TLSv1.2 ECDHE-RSA-AES256-GCM-SHA384","",""
"clientsimulation-java1102","collecte-pro.gouv.fr/185.194.82.232","443","INFO","TLSv1.2 ECDHE-RSA-AES256-GCM-SHA384","",""
"clientsimulation-java1703","collecte-pro.gouv.fr/185.194.82.232","443","INFO","TLSv1.2 ECDHE-RSA-AES256-GCM-SHA384","",""
"clientsimulation-go_1178","collecte-pro.gouv.fr/185.194.82.232","443","INFO","TLSv1.2 ECDHE-RSA-AES256-GCM-SHA384","",""
"clientsimulation-libressl_283","collecte-pro.gouv.fr/185.194.82.232","443","INFO","TLSv1.2 ECDHE-RSA-AES256-GCM-SHA384","",""
"clientsimulation-openssl_102e","collecte-pro.gouv.fr/185.194.82.232","443","INFO","TLSv1.2 ECDHE-RSA-AES256-GCM-SHA384","",""
"clientsimulation-openssl_110l","collecte-pro.gouv.fr/185.194.82.232","443","INFO","TLSv1.2 ECDHE-RSA-AES256-GCM-SHA384","",""
"clientsimulation-openssl_111d","collecte-pro.gouv.fr/185.194.82.232","443","INFO","TLSv1.2 ECDHE-RSA-AES256-GCM-SHA384","",""
"clientsimulation-openssl_303","collecte-pro.gouv.fr/185.194.82.232","443","INFO","TLSv1.2 ECDHE-RSA-AES256-GCM-SHA384","",""
"clientsimulation-apple_mail_16_0","collecte-pro.gouv.fr/185.194.82.232","443","INFO","TLSv1.2 ECDHE-RSA-AES256-GCM-SHA384","",""
"clientsimulation-thunderbird_91_9","collecte-pro.gouv.fr/185.194.82.232","443","INFO","TLSv1.2 ECDHE-RSA-AES256-GCM-SHA384","",""
"rating_spec","collecte-pro.gouv.fr/185.194.82.232","443","INFO","SSL Labs's 'SSL Server Rating Guide' (version 2009q from 2020-01-30)","",""
"rating_doc","collecte-pro.gouv.fr/185.194.82.232","443","INFO","https://github.com/ssllabs/research/wiki/SSL-Server-Rating-Guide","",""
"protocol_support_score","collecte-pro.gouv.fr/185.194.82.232","443","INFO","100","",""
"protocol_support_score_weighted","collecte-pro.gouv.fr/185.194.82.232","443","INFO","30","",""
"key_exchange_score","collecte-pro.gouv.fr/185.194.82.232","443","INFO","90","",""
"key_exchange_score_weighted","collecte-pro.gouv.fr/185.194.82.232","443","INFO","27","",""
"cipher_strength_score","collecte-pro.gouv.fr/185.194.82.232","443","INFO","60","",""
"cipher_strength_score_weighted","collecte-pro.gouv.fr/185.194.82.232","443","INFO","24","",""
"final_score","collecte-pro.gouv.fr/185.194.82.232","443","INFO","81","",""
"overall_grade","collecte-pro.gouv.fr/185.194.82.232","443","OK","A+","",""
